tag,count
GGGGGGGGGGGGGGGGGGGGGGGGGGGGGGGGGGGGGGGGGGGGGGGGGGGGGGGGGGGG,5192
NNNNNNNNNNNNNNNNNNNNNNNNNNNN,1173
TGGGGGGGGGGGGGGGGGGGGGGGGGGGGGGGGGGGGGGGGGGGGGGGGGGGGGGGGGGG,68
CCGACCAGTAGACAGAAAAAAAAAAAAAAAAAAAAAAAAAAAAAAAAAAAAAAAAAAAAA,62
AACCGACCAGTAGACAGAAAAAAAAAAAAAAAAAAAAAAAAAAAAAAAAAAAAAAAAAAA,56
ACCGACCAGTAAGACAGAAAAAAAAAAAAAAAAAAAAAAAAAAAAAAAAAAAAAAAAAAA,51
TGGGCTTCAGGTCCTAGAAAAAAAAAAAAAAAAAAAAAAAAAAAAAAAAAAAAAAAAAAA,45
TGGCTTCAGGGTCCTAGAAAAAAAAAAAAAAAAAAAAAAAAAAAAAAAAAAAAAAAAAAA,43
ACCGANNNNNNNNNNNNNNNNNNNNNNNNNNNNNNNNNNNNNNNNNNNNNNNNNNNNNNN,43
ACCCGACCAGTAGACAGAAAAAAAAAAAAAAAAAAAAAAAAAAAAAAAAAAAAAAAAAAA,40
TGGCTTCAGGTCTAGAAAAAAAAAAAAAAAAAAAAAAAAAAAAAAAAAAAAAAAAAAAAA,39
ACCGACAGTAGACAGAAAAAAAAAAAAAAAAAAAAAAAAAAAAAAAAAAAAAAAAAAAAA,39
CCGACCAGTAGACACAAAAAAAAAAAAAAAAAAAAAAAAAAAAAAAAAAAAAAAAAAAAA,36
ACTTGGATGGACACTGAAAAAAAAAAAAAAAAAAAAAAAAAAAAAAAAAAAAAAAAAAAA,35
ACCGAACCAGTAGACAGAAAAAAAAAAAAAAAAAAAAAAAAAAAAAAAAAAAAAAAAAAA,35
TGGCTNNNNNNNNNNNNNNNNNNNNNNNNNNNNNNNNNNNNNNNNNNNNNNNNNNNNNNN,34
ACGACCAGTAGACAGAAAAAAAAAAAAAAAAAAAAAAAAAAAAAAAAAAAAAAAAAAAAA,33
GGCCAAGCACACGAGGGTAGCCTTTTGTTTGTTTGCAATCTCTGCTTTTGATGGCTCAAA,33
AACCGACCAGTAGACACAAAAAAAAAAAAAAAAAAAAAAAAAAAAAAAAAAAAAAAAAAA,32
CCGACCAGTAGACATAAAAAAAAAAAAAAAAAAAAAAAAAAAAAAAAAAAAAAAAAAAAA,31
ACCGNNNNNNNNNNNNNNNNNNNNNNNNNNNNNNNNNNNNNNNNNNNNNNNNNNNNNNNN,31
ACCGACCAGTAGCATAAAAAAAAAAAAAAAAAAAAAAAAAAAAAAAAAAAAAAAAAAAAA,30
GGGGGGGGGGGGGGGGGGGAAAAAAAAAAAAAAAAAAAAAAAAAAAAAAAAAAAAAAAAA,27
GGGGGGGGGGGGGGGGGGGGGAAAAAAAAAAAAAAAAAAAAAAAAAAAAAAAAAAAAAAA,27
TGGCTTCAGTCCTAGAAAAAAAAAAAAAAAAAAAAAAAAAAAAAAAAAAAAAAAAAAAAA,26
ACCGACCAAGTAGACAGAAAAAAAAAAAAAAAAAAAAAAAAAAAAAAAAAAAAAAAAAAA,26
ACCGACCCAGTAGACAGAAAAAAAAAAAAAAAAAAAAAAAAAAAAAAAAAAAAAAAAAAA,26
ACGACCAGTAGACACAAAAAAAAAAAAAAAAAAAAAAAAAAAAAAAAAAAAAAAAAAAAA,25
ACCGACAGTAGACACAAAAAAAAAAAAAAAAAAAAAAAAAAAAAAAAAAAAAAAAAAAAA,25
TGGCTTCAAGGTCCTAGAAAAAAAAAAAAAAAAAAAAAAAAAAAAAAAAAAAAAAAAAAA,25
ACCCGACCAGTAGACATAAAAAAAAAAAAAAAAAAAAAAAAAAAAAAAAAAAAAAAAAAA,25
ACCNNNNNNNNNNNNNNNNNNNNNNNNNNNNNNNNNNNNNNNNNNNNNNNNNNNNNNNNN,25
ACCGACCAGTAGGACAGAAAAAAAAAAAAAAAAAAAAAAAAAAAAAAAAAAAAAAAAAAA,24
ACCGACCAGAGACAGAAAAAAAAAAAAAAAAAAAAAAAAAAAAAAAAAAAAAAAAAAAAA,24
GTCGTGGTGTTGTTAGAAAAAAAAAAAAAAAAAAAAAAAAAAAAAAAAAAAAAAAAAAAA,23
ACCGACCAGGTAGACAGAAAAAAAAAAAAAAAAAAAAAAAAAAAAAAAAAAAAAAAAAAA,23
ACCGACCNNNNNNNNNNNNNNNNNNNNNNNNNNNNNNNNNNNNNNNNNNNNNNNNNNNNN,23
TGGCTTCAGGGTCCTACAAAAAAAAAAAAAAAAAAAAAAAAAAAAAAAAAAAAAAAAAAA,22
ACCGACCGTAGACAGAAAAAAAAAAAAAAAAAAAAAAAAAAAAAAAAAAAAAAAAAAAAA,22
ACCGACCAGTGACAGAAAAAAAAAAAAAAAAAAAAAAAAAAAAAAAAAAAAAAAAAAAAA,21
ACCGACCCAGTAGACACAAAAAAAAAAAAAAAAAAAAAAAAAAAAAAAAAAAAAAAAAAA,21
ACCACCAGTAGACAGAAAAAAAAAAAAAAAAAAAAAAAAAAAAAAAAAAAAAAAAAAAAA,20
ACCCGACCAGTAGACACAAAAAAAAAAAAAAAAAAAAAAAAAAAAAAAAAAAAAAAAAAA,20
ACCGACCAGTTAGACAGAAAAAAAAAAAAAAAAAAAAAAAAAAAAAAAAAAAAAAAAAAA,20
ACCGACAGTAGACATAAAAAAAAAAAAAAAAAAAAAAAAAAAAAAAAAAAAAAAAAAAAA,20
TGGGCTTCAGGTCCTACAAAAAAAAAAAAAAAAAAAAAAAAAAAAAAAAAAAAAAAAAAA,20
ACCGCCAGTAGACAGAAAAAAAAAAAAAAAAAAAAAAAAAAAAAAAAAAAAAAAAAAAAA,20
ACCGACCAGTAAGACACAAAAAAAAAAAAAAAAAAAAAAAAAAAAAAAAAAAAAAAAAAA,20
TGGCNNNNNNNNNNNNNNNNNNNNNNNNNNNNNNNNNNNNNNNNNNNNNNNNNNNNNNNN,20
ACCGGACCAGTAGACAGAAAAAAAAAAAAAAAAAAAAAAAAAAAAAAAAAAAAAAAAAAA,19
ACCGACCAGTAGCAGAAAAAAAAAAAAAAAAAAAAAAAAAAAAAAAAAAAAAAAAAAAAA,19
GGGGGGGGGGGGGGGGGGGGGGGGGGGGGGGGGGGGGGGGGGTGGGGGGGGGGGGGGGGG,19
GGGGGGGGGGGGGGGGGGGTGGGGGGGGGGGGGGGGGGGGGGGGGGGGGGGGGGGGGGGG,19
GGGGTGGGGGGGGGGGGGGGGGGGGGGGGGGGGGGGGGGGGGGGGGGGGGGGGGGGGGGG,19
ACCGACCATAGACAGAAAAAAAAAAAAAAAAAAAAAAAAAAAAAAAAAAAAAAAAAAAAA,19
ACCGACCCAGTAGACATAAAAAAAAAAAAAAAAAAAAAAAAAAAAAAAAAAAAAAAAAAA,18
ATGGCTTCAGGTCCTATAAAAAAAAAAAAAAAAAAAAAAAAAAAAAAAAAAAAAAAAAAA,18
GGGGGGGGGTGGGGGGGGGGGGGGGGGGGGGGGGGGGGGGGGGGGGGGGGGGGGGGGGGG,18
GGGGGGGGGGGGGGGGGTGGGGGGGGGGGGGGGGGGGGGGGGGGGGGGGGGGGGGGGGGG,18
GGGGGGGGGGGGGGGGGGGGGGGGGGGGGGGGGTGGGGGGGGGGGGGGGGGGGGGGGGGG,18
TGGCTTCNNNNNNNNNNNNNNNNNNNNNNNNNNNNNNNNNNNNNNNNNNNNNNNNNNNNN,18
ACCGACCAGTAAGACATAAAAAAAAAAAAAAAAAAAAAAAAAAAAAAAAAAAAAAAAAAA,17
GGGGGGGGGGGGGGGGGGGGGGGGGGGGGGGGGGGGGTGGGGGGGGGGGGGGGGGGGGGG,17
ACCGACCAGAGACACAAAAAAAAAAAAAAAAAAAAAAAAAAAAAAAAAAAAAAAAAAAAA,17
ACCGAACCAGTAGACACAAAAAAAAAAAAAAAAAAAAAAAAAAAAAAAAAAAAAAAAAAA,17
ATGGCTTCAGGTCCTAGAAAAAAAAAAAAAAAAAAAAAAAAAAAAAAAAAAAAAAAAAAA,17
TGGCTTTCAGGTCCTAGAAAAAAAAAAAAAAAAAAAAAAAAAAAAAAAAAAAAAAAAAAA,17
GGGGGGGGGGGGGGGGGGGGGGTGGGGGGGGGGGGGGGGGGGGGGGGGGGGGGGGGGGGG,17
ACCGACCGTAGACATAAAAAAAAAAAAAAAAAAAAAAAAAAAAAAAAAAAAAAAAAAAAA,17
ACCGACCAAGTAGACACAAAAAAAAAAAAAAAAAAAAAAAAAAAAAAAAAAAAAAAAAAA,17
AACCGACCAGTAGACATAAAAAAAAAAAAAAAAAAAAAAAAAAAAAAAAAAAAAAAAAAA,16
GGGGGGGGGGGGGGGGGAAAAAAAAAAAAAAAAAAAAAAAAAAAAAAAAAAAAAAAAAAA,16
ACCGACCATAGACACAAAAAAAAAAAAAAAAAAAAAAAAAAAAAAAAAAAAAAAAAAAAA,16
ACGACCAGTAGACATAAAAAAAAAAAAAAAAAAAAAAAAAAAAAAAAAAAAAAAAAAAAA,16
GGGGGGGGGGGGGGGGGGGGGGGGGGGGGGGGGGTGGGGGGGGGGGGGGGGGGGGGGGGG,16
GGGGGGGGGGGGGGGGGGGGGGGGGGGGGGGGGGGGGGGGGGGGGTGGGGGGGGGGGGGG,16
TGGCTTCAGGGTCCTATAAAAAAAAAAAAAAAAAAAAAAAAAAAAAAAAAAAAAAAAAAA,16
ACCGACCAGTAGGACACAAAAAAAAAAAAAAAAAAAAAAAAAAAAAAAAAAAAAAAAAAA,16
GGGGGGGGGGGGGGGGGGGGGGGGGGAAAAAAAAAAAAAAAAAAAAAAAAAAAAAAAAAA,16
ACCGACCAGTAGCACAAAAAAAAAAAAAAAAAAAAAAAAAAAAAAAAAAAAAAAAAAAAA,16
GGGGGGGGGGGGGGGGGGGGGGGGGGGGGGGGGGGTGGGGGGGGGGGGGGGGGGGGGGGG,16
ACCGACNNNNNNNNNNNNNNNNNNNNNNNNNNNNNNNNNNNNNNNNNNNNNNNNNNNNNN,16
GGGGGGGGGGGGGGGGGGGGGGAAAAAAAAAAAAAAAAAAAAAAAAAAAAAAAAAAAAAA,15
TGGGCTTCAGGTCCTATAAAAAAAAAAAAAAAAAAAAAAAAAAAAAAAAAAAAAAAAAAA,15
TGCTTCAGGTCCTAGAAAAAAAAAAAAAAAAAAAAAAAAAAAAAAAAAAAAAAAAAAAAA,15
GGGGGGGGGGGGGGGGGGGGGGGGGGGGGGGGGGGGGGGGTGGGGGGGGGGGGGGGGGGG,15
GGGGGGGGGGGGGGGGGGGGAAAAAAAAAAAAAAAAAAAAAAAAAAAAAAAAAAAAAAAA,15
ACCGACCAAGTAGACATAAAAAAAAAAAAAAAAAAAAAAAAAAAAAAAAAAAAAAAAAAA,15
TGGCTTCAGGTTCCTAGAAAAAAAAAAAAAAAAAAAAAAAAAAAAAAAAAAAAAAAAAAA,15
TGGCTCAGGTCCTAGAAAAAAAAAAAAAAAAAAAAAAAAAAAAAAAAAAAAAAAAAAAAA,15
ACCGACCAGTGACACAAAAAAAAAAAAAAAAAAAAAAAAAAAAAAAAAAAAAAAAAAAAA,14
TTGCTTATTTCCGCAGAAAAAAAAAAAAAAAAAAAAAAAAAAAAAAAAAAAAAAAAAAAA,14
GGGGGGGGGGGGGGGGGGGGGGGGGGGGGGGGGGGGGGGGGGGGGGGGGGGGGGTGGGGG,14
TGGCTTCAAGGTCCTATAAAAAAAAAAAAAAAAAAAAAAAAAAAAAAAAAAAAAAAAAAA,14
TTGGCTTCAGGTCCTAGAAAAAAAAAAAAAAAAAAAAAAAAAAAAAAAAAAAAAAAAAAA,14
GGGGGGGGGGGGGGGGGGGGGGGAAAAAAAAAAAAAAAAAAAAAAAAAAAAAAAAAAAAA,14
GGGGGTGGGGGGGGGGGGGGGGGGGGGGGGGGGGGGGGGGGGGGGGGGGGGGGGGGGGGG,14
GGGGGGGGGGGGGGGGGGGGGGGGGGGGAAAAAAAAAAAAAAAAAAAAAAAAAAAAAAAA,14
ATGGCTTCAGGTCCTACAAAAAAAAAAAAAAAAAAAAAAAAAAAAAAAAAAAAAAAAAAA,14
GGGGGGGGGGGGGGGGGGGGGGGGGGGGGGGGGGGGGGTGGGGGGGGGGGGGGGGGGGGG,14
